{
  "project_info": {
    "project_number": "867137822314",
    "project_id": "cash-king-7a37d",
    "storage_bucket": "cash-king-7a37d.appspot.com"
  },
  "client": [
    {
      "client_info": {
        "mobilesdk_app_id": "1:867137822314:android:74ade15ab115e31f80b413",
        "android_client_info": {
          "package_name": "com.aadevelopers.cashking"
        }
      },
      "oauth_client": [
        {
          "client_id": "867137822314-ugs326ugbcncvr41jhi9misnfmeb41kr.apps.googleusercontent.com",
          "client_type": 1,
          "android_info": {
            "package_name": "com.aadevelopers.cashking",
            "certificate_hash": "34f9914a774f0b0d94d62c8f8bdf1f2b5e29af67"
          }
        },
        {
          "client_id": "867137822314-3itv2n0q25r4siektm2urlt2mh72kc2b.apps.googleusercontent.com",
          "client_type": 3
        }
      ],
      "api_key": [
        {
          "current_key": "AIzaSyCZvJJmWKKJWybquzroipUDFAm9CKvBz9A"
        }
      ],
      "services": {
        "appinvite_service": {
          "other_platform_oauth_client": [
            {
              "client_id": "867137822314-3itv2n0q25r4siektm2urlt2mh72kc2b.apps.googleusercontent.com",
              "client_type": 3
            }
          ]
        }
      }
    }
  ],
  "configuration_version": "1"
}